<?xml version="1.0" encoding="UTF-8"?>
<project-private xmlns="http://www.netbeans.org/ns/project-private/1">
    <editor-bookmarks xmlns="http://www.netbeans.org/ns/editor-bookmarks/2" lastBookmarkId="0"/>
    <open-files xmlns="http://www.netbeans.org/ns/projectui-open-files/2">
        <group>
            <file>file:/Users/renemendez/Desktop/Semaforo/src/login/FXMLVentana2Controller.java</file>
            <file>file:/Users/renemendez/Desktop/Semaforo/src/login/MySQLConnection.java</file>
            <file>file:/Users/renemendez/Desktop/Semaforo/src/login/FXMLsensorController.java</file>
            <file>file:/Users/renemendez/Desktop/Semaforo/src/login/recopilacionDatos.java</file>
            <file>file:/Users/renemendez/Desktop/Semaforo/src/login/FXMLloader.java</file>
            <file>file:/Users/renemendez/Desktop/Semaforo/src/login/FXMLDocumentController.java</file>
            <file>file:/Users/renemendez/Desktop/Semaforo/src/login/FXMLErrorController.java</file>
            <file>file:/Users/renemendez/Desktop/Semaforo/src/login/Login.java</file>
            <file>file:/Users/renemendez/Desktop/Semaforo/src/login/valores1.java</file>
            <file>file:/Users/renemendez/Desktop/Semaforo/src/login/Valores.java</file>
        </group>
    </open-files>
</project-private>
